timestamp,packet,voltage_V,pressure_kPa,pressure_MPa,status
2026-04-21T13:45:38.155190,0,2.053,38.82,0.0388,ok
2026-04-21T13:45:39.341829,1,2.05,38.75,0.0387,ok
2026-04-21T13:45:40.527587,2,2.052,38.8,0.0388,ok
2026-04-21T13:45:41.713337,3,2.05,38.75,0.0387,ok
2026-04-21T13:45:42.899727,4,2.048,38.7,0.0387,ok
2026-04-21T13:45:44.085961,5,2.052,38.8,0.0388,ok
2026-04-21T13:45:45.271494,6,2.051,38.78,0.0388,ok
2026-04-21T13:45:46.457510,7,2.051,38.78,0.0388,ok
2026-04-21T13:45:47.643592,8,2.049,38.73,0.0387,ok
2026-04-21T13:45:48.829702,9,2.048,38.7,0.0387,ok
2026-04-21T13:45:50.015755,10,2.049,38.73,0.0387,ok
2026-04-21T13:45:51.201701,11,2.054,38.85,0.0388,ok
2026-04-21T13:45:52.388123,12,2.049,38.73,0.0387,ok
2026-04-21T13:45:53.573848,13,2.049,38.73,0.0387,ok
2026-04-21T13:45:54.759921,14,2.049,38.73,0.0387,ok
2026-04-21T13:45:55.946123,15,2.052,38.8,0.0388,ok
2026-04-21T13:45:57.131800,16,2.049,38.73,0.0387,ok
2026-04-21T13:45:58.318325,17,2.051,38.78,0.0388,ok
2026-04-21T13:45:59.504467,18,2.05,38.75,0.0387,ok
2026-04-21T13:46:00.689960,19,2.048,38.7,0.0387,ok
2026-04-21T13:46:01.876364,20,2.048,38.7,0.0387,ok
2026-04-21T13:46:03.062010,21,2.053,38.82,0.0388,ok
2026-04-21T13:46:04.248071,22,2.048,38.7,0.0387,ok
2026-04-21T13:46:05.434143,23,2.051,38.78,0.0388,ok
2026-04-21T13:46:06.620341,24,2.048,38.7,0.0387,ok
2026-04-21T13:46:07.806459,25,2.048,38.7,0.0387,ok
2026-04-21T13:46:08.992227,26,2.047,38.68,0.0387,ok
2026-04-21T13:46:10.178306,27,2.049,38.73,0.0387,ok
2026-04-21T13:46:11.364638,28,2.051,38.78,0.0388,ok
2026-04-21T13:46:12.550889,29,2.047,38.68,0.0387,ok
2026-04-21T13:46:13.736172,30,2.049,38.73,0.0387,ok
2026-04-21T13:46:14.922461,31,2.048,38.7,0.0387,ok
2026-04-21T13:46:16.108572,32,2.05,38.75,0.0387,ok
2026-04-21T13:46:17.294422,33,2.051,38.78,0.0388,ok
2026-04-21T13:46:18.480453,34,2.049,38.73,0.0387,ok
2026-04-21T13:46:19.666703,35,2.049,38.73,0.0387,ok
2026-04-21T13:46:20.852539,36,2.05,38.75,0.0387,ok
2026-04-21T13:46:22.039010,37,2.051,38.78,0.0388,ok
2026-04-21T13:46:23.224643,38,2.05,38.75,0.0387,ok
2026-04-21T13:46:24.410708,39,2.048,38.7,0.0387,ok
2026-04-21T13:46:25.596898,40,2.052,38.8,0.0388,ok
2026-04-21T13:46:26.783580,41,2.049,38.73,0.0387,ok
2026-04-21T13:46:27.969230,42,2.046,38.65,0.0386,ok
2026-04-21T13:46:29.155429,43,2.052,38.8,0.0388,ok
2026-04-21T13:46:30.341520,44,2.053,38.82,0.0388,ok
2026-04-21T13:46:31.527422,45,2.05,38.75,0.0387,ok
2026-04-21T13:46:32.712936,46,2.049,38.73,0.0387,ok
2026-04-21T13:46:33.899545,47,2.049,38.73,0.0387,ok
2026-04-21T13:46:35.084909,48,2.05,38.75,0.0387,ok
2026-04-21T13:46:36.270993,49,2.051,38.78,0.0388,ok
2026-04-21T13:46:37.457637,50,2.048,38.7,0.0387,ok
2026-04-21T13:46:38.643702,51,2.048,38.7,0.0387,ok
2026-04-21T13:46:39.829131,52,2.051,38.78,0.0388,ok
2026-04-21T13:46:41.015234,53,2.05,38.75,0.0387,ok
2026-04-21T13:46:42.201804,54,2.051,38.78,0.0388,ok
2026-04-21T13:46:43.387023,55,2.048,38.7,0.0387,ok
2026-04-21T13:46:44.573113,56,2.052,38.8,0.0388,ok
2026-04-21T13:46:45.759213,57,2.049,38.73,0.0387,ok
2026-04-21T14:10:05.495765,0,2.057,38.92,0.0389,ok
2026-04-21T14:10:06.682656,1,2.055,38.88,0.0389,ok
2026-04-21T14:10:07.868145,2,2.053,38.82,0.0388,ok
2026-04-21T14:10:09.054399,3,2.046,38.65,0.0386,ok
2026-04-21T14:10:10.239850,4,2.051,38.78,0.0388,ok
2026-04-21T14:10:11.426681,5,2.055,38.88,0.0389,ok
2026-04-21T14:10:12.612297,6,2.054,38.85,0.0388,ok
2026-04-21T14:10:13.798345,7,2.053,38.82,0.0388,ok
2026-04-21T14:10:14.984645,8,2.052,38.8,0.0388,ok
2026-04-21T14:10:16.170788,9,2.051,38.78,0.0388,ok
2026-04-21T14:10:17.356957,10,2.053,38.82,0.0388,ok
2026-04-21T14:10:18.542810,11,2.04,38.5,0.0385,ok
2026-04-21T14:10:19.729105,12,2.039,38.48,0.0385,ok
2026-04-21T14:10:20.915053,13,2.049,38.73,0.0387,ok
2026-04-21T14:10:22.100873,14,2.045,38.62,0.0386,ok
2026-04-21T14:10:23.286375,15,2.052,38.8,0.0388,ok
2026-04-21T14:10:24.472385,16,2.051,38.78,0.0388,ok
2026-04-21T14:10:25.659284,17,2.038,38.45,0.0384,ok
2026-04-21T14:10:26.844971,18,2.052,38.8,0.0388,ok
2026-04-21T14:10:28.030475,19,2.051,38.78,0.0388,ok
2026-04-21T14:10:29.217199,20,2.05,38.75,0.0387,ok
2026-04-21T14:10:30.402535,21,2.054,38.85,0.0388,ok
2026-04-21T14:10:31.588505,22,2.049,38.73,0.0387,ok
2026-04-21T14:10:32.775082,23,2.044,38.6,0.0386,ok
2026-04-21T14:10:33.961359,24,2.047,38.68,0.0387,ok
2026-04-21T14:10:35.146611,25,2.045,38.62,0.0386,ok
2026-04-21T14:10:36.332769,26,2.05,38.75,0.0387,ok
2026-04-21T14:10:37.518800,27,2.051,38.78,0.0388,ok
2026-04-21T14:10:38.704827,28,2.054,38.85,0.0388,ok
2026-04-21T14:10:39.890811,29,2.039,38.48,0.0385,ok
2026-04-21T14:10:41.076815,30,2.047,38.68,0.0387,ok
2026-04-21T14:10:42.262844,31,2.042,38.55,0.0385,ok
2026-04-21T14:10:43.448941,32,2.053,38.82,0.0388,ok
2026-04-21T14:10:44.635938,33,2.046,38.65,0.0386,ok
2026-04-21T14:10:45.820992,34,2.047,38.68,0.0387,ok
2026-04-21T14:10:47.006981,35,2.051,38.78,0.0388,ok
2026-04-21T14:10:48.193041,36,2.052,38.8,0.0388,ok
2026-04-21T14:10:49.379081,37,2.048,38.7,0.0387,ok
2026-04-21T14:10:50.565175,38,2.049,38.73,0.0387,ok
2026-04-21T14:10:51.751658,39,2.057,38.92,0.0389,ok
2026-04-21T14:10:52.937239,40,2.052,38.8,0.0388,ok
2026-04-21T14:10:54.123754,41,2.048,38.7,0.0387,ok
2026-04-21T14:10:55.309313,42,2.056,38.9,0.0389,ok
2026-04-21T14:10:56.495366,43,2.055,38.88,0.0389,ok
2026-04-21T14:10:57.681394,44,2.054,38.85,0.0388,ok
2026-04-21T14:10:58.868042,45,2.056,38.9,0.0389,ok
2026-04-21T14:11:00.053519,46,2.053,38.82,0.0388,ok
2026-04-21T14:11:01.239512,47,2.057,38.92,0.0389,ok
2026-04-21T14:11:02.425501,48,2.055,38.88,0.0389,ok
2026-04-21T14:11:03.611730,49,2.056,38.9,0.0389,ok
2026-04-21T14:11:04.797546,50,2.051,38.78,0.0388,ok
2026-04-21T14:11:05.983601,51,2.053,38.82,0.0388,ok
2026-04-21T14:11:07.169685,52,2.056,38.9,0.0389,ok
2026-04-21T14:11:08.356407,53,2.054,38.85,0.0388,ok
2026-04-21T14:11:09.541932,54,2.057,38.92,0.0389,ok
2026-04-21T14:11:10.727748,55,2.059,38.98,0.039,ok
2026-04-21T14:11:11.913871,56,2.053,38.82,0.0388,ok
2026-04-21T14:11:13.099945,57,2.054,38.85,0.0388,ok
2026-04-21T14:11:14.285986,58,2.048,38.7,0.0387,ok
2026-04-21T14:11:15.472040,59,2.05,38.75,0.0387,ok
2026-04-21T14:11:16.658116,60,2.056,38.9,0.0389,ok
2026-04-21T14:11:17.843971,61,2.049,38.73,0.0387,ok
2026-04-21T14:11:19.030568,62,2.059,38.98,0.039,ok
2026-04-21T14:11:20.216105,63,2.055,38.88,0.0389,ok
2026-04-21T14:11:21.402854,64,2.053,38.82,0.0388,ok
2026-04-21T14:11:22.588413,65,2.054,38.85,0.0388,ok
2026-04-21T14:11:23.774132,66,2.055,38.88,0.0389,ok
2026-04-21T14:11:24.960182,67,2.053,38.82,0.0388,ok
2026-04-21T14:11:26.146285,68,2.06,39.0,0.039,ok
2026-04-21T14:11:27.332358,69,2.055,38.88,0.0389,ok
2026-04-21T14:11:28.519193,70,2.057,38.92,0.0389,ok
2026-04-21T14:11:29.704537,71,2.056,38.9,0.0389,ok
2026-04-21T14:11:30.891077,72,2.054,38.85,0.0388,ok
2026-04-21T14:11:32.076948,73,2.055,38.88,0.0389,ok
2026-04-21T14:11:33.262485,74,2.053,38.82,0.0388,ok
2026-04-21T14:11:34.449253,75,2.055,38.88,0.0389,ok
2026-04-21T14:11:35.634666,76,2.057,38.92,0.0389,ok
2026-04-21T14:11:36.821301,77,2.057,38.92,0.0389,ok
2026-04-21T14:11:38.007433,78,2.054,38.85,0.0388,ok
2026-04-21T14:11:39.193379,79,2.056,38.9,0.0389,ok
2026-04-21T14:11:40.378698,80,2.056,38.9,0.0389,ok
2026-04-21T14:11:41.565482,81,2.058,38.95,0.0389,ok
2026-04-21T14:11:42.750945,82,2.057,38.92,0.0389,ok
2026-04-21T14:11:43.937078,83,2.056,38.9,0.0389,ok
2026-04-21T14:11:45.123077,84,2.056,38.9,0.0389,ok
2026-04-21T14:11:46.309706,85,2.053,38.82,0.0388,ok
2026-04-21T14:11:47.494886,86,2.051,38.78,0.0388,ok
2026-04-21T14:11:48.681459,87,2.05,38.75,0.0387,ok
2026-04-21T14:11:49.866936,88,2.055,38.88,0.0389,ok
2026-04-21T14:11:51.053194,89,2.055,38.88,0.0389,ok
2026-04-21T14:11:52.239238,90,2.055,38.88,0.0389,ok
2026-04-21T14:11:53.425189,91,2.056,38.9,0.0389,ok
2026-04-21T14:11:54.611384,92,2.055,38.88,0.0389,ok
2026-04-21T14:11:55.797401,93,2.056,38.9,0.0389,ok
2026-04-21T14:11:56.983447,94,2.051,38.78,0.0388,ok
2026-04-21T14:11:58.169358,95,2.054,38.85,0.0388,ok
2026-04-21T14:11:59.355313,96,2.052,38.8,0.0388,ok
2026-04-21T14:12:00.541480,97,2.053,38.82,0.0388,ok
2026-04-21T14:12:01.727815,98,2.052,38.8,0.0388,ok
2026-04-21T14:12:02.913646,99,2.055,38.88,0.0389,ok
2026-04-21T14:12:04.105334,100,2.056,38.9,0.0389,ok
2026-04-21T14:12:05.296772,101,2.055,38.88,0.0389,ok
2026-04-21T14:12:06.489554,102,2.055,38.88,0.0389,ok
2026-04-21T14:12:07.681086,103,2.052,38.8,0.0388,ok
2026-04-21T14:12:08.873021,104,2.056,38.9,0.0389,ok
2026-04-21T14:12:10.064798,105,2.06,39.0,0.039,ok
2026-04-21T14:12:11.256801,106,2.053,38.82,0.0388,ok
2026-04-21T14:12:12.448952,107,2.053,38.82,0.0388,ok
2026-04-21T14:12:13.641011,108,2.054,38.85,0.0388,ok
2026-04-21T14:12:14.833420,109,2.054,38.85,0.0388,ok
2026-04-21T14:12:16.025137,110,2.059,38.98,0.039,ok
2026-04-21T14:12:17.216890,111,2.054,38.85,0.0388,ok
2026-04-21T14:12:18.409754,112,2.051,38.78,0.0388,ok
2026-04-21T14:12:19.601658,113,2.054,38.85,0.0388,ok
2026-04-21T14:12:20.793296,114,2.056,38.9,0.0389,ok
2026-04-21T14:12:21.985231,115,2.053,38.82,0.0388,ok
2026-04-21T14:12:23.177277,116,2.052,38.8,0.0388,ok
2026-04-21T14:12:24.369283,117,2.053,38.82,0.0388,ok
2026-04-21T14:12:25.561430,118,2.056,38.9,0.0389,ok
2026-04-21T14:12:26.753288,119,2.053,38.82,0.0388,ok
2026-04-21T14:12:27.945425,120,2.051,38.78,0.0388,ok
2026-04-21T14:12:29.137411,121,2.053,38.82,0.0388,ok
2026-04-21T14:12:30.329284,122,2.049,38.73,0.0387,ok
2026-04-21T14:12:31.521853,123,2.057,38.92,0.0389,ok
2026-04-21T14:12:32.713586,124,2.057,38.92,0.0389,ok
2026-04-21T14:12:33.906918,125,2.055,38.88,0.0389,ok
2026-04-21T14:12:35.097618,126,2.058,38.95,0.0389,ok
2026-04-21T14:12:36.289689,127,2.056,38.9,0.0389,ok
2026-04-21T14:12:37.481670,128,2.056,38.9,0.0389,ok
2026-04-21T14:12:38.673879,129,2.06,39.0,0.039,ok
2026-04-21T14:12:39.865689,130,2.057,38.92,0.0389,ok
2026-04-21T14:12:41.057821,131,2.057,38.92,0.0389,ok
2026-04-21T14:12:42.249844,132,2.059,38.98,0.039,ok
2026-04-21T14:12:43.441909,133,2.053,38.82,0.0388,ok
2026-04-21T14:12:44.633972,134,2.055,38.88,0.0389,ok
2026-04-21T14:12:45.825804,135,2.057,38.92,0.0389,ok
2026-04-21T14:12:47.018164,136,2.055,38.88,0.0389,ok
2026-04-21T14:12:48.210047,137,2.056,38.9,0.0389,ok
2026-04-21T14:12:49.402058,138,2.053,38.82,0.0388,ok
2026-04-21T14:12:50.594105,139,2.059,38.98,0.039,ok
2026-04-21T14:12:51.786169,140,2.055,38.88,0.0389,ok
2026-04-21T14:12:52.978264,141,2.052,38.8,0.0388,ok
2026-04-21T14:12:54.170245,142,2.055,38.88,0.0389,ok
2026-04-21T14:12:55.362486,143,2.058,38.95,0.0389,ok
2026-04-21T14:12:56.554290,144,2.056,38.9,0.0389,ok
2026-04-21T14:12:57.746418,145,2.055,38.88,0.0389,ok
2026-04-21T14:12:58.938346,146,2.058,38.95,0.0389,ok
2026-04-21T14:13:00.130436,147,2.059,38.98,0.039,ok
2026-04-21T14:13:01.322535,148,2.058,38.95,0.0389,ok
2026-04-21T14:13:02.515081,149,2.056,38.9,0.0389,ok
2026-04-21T14:13:03.706457,150,2.057,38.92,0.0389,ok
2026-04-21T14:13:04.898483,151,2.058,38.95,0.0389,ok
2026-04-21T14:13:06.090425,152,2.056,38.9,0.0389,ok
2026-04-21T14:13:07.282580,153,2.059,38.98,0.039,ok
2026-04-21T14:13:08.474856,154,2.059,38.98,0.039,ok
2026-04-21T14:13:09.666632,155,2.059,38.98,0.039,ok
2026-04-21T14:13:10.858801,156,2.054,38.85,0.0388,ok
2026-04-21T14:13:12.050845,157,2.054,38.85,0.0388,ok
2026-04-21T14:13:13.242695,158,2.055,38.88,0.0389,ok
2026-04-21T14:13:14.434835,159,2.055,38.88,0.0389,ok
2026-04-21T14:13:15.626863,160,2.058,38.95,0.0389,ok
2026-04-21T14:13:16.818786,161,2.057,38.92,0.0389,ok
2026-04-21T14:13:18.010941,162,2.056,38.9,0.0389,ok
2026-04-21T14:13:19.202986,163,2.061,39.02,0.039,ok
2026-04-21T14:13:20.395114,164,2.056,38.9,0.0389,ok
2026-04-21T14:13:21.587063,165,2.059,38.98,0.039,ok
2026-04-21T14:13:22.779103,166,2.062,39.05,0.039,ok
2026-04-21T14:13:23.971166,167,2.055,38.88,0.0389,ok
2026-04-21T14:13:25.163093,168,2.056,38.9,0.0389,ok
2026-04-21T14:13:26.355027,169,2.056,38.9,0.0389,ok
2026-04-21T14:13:27.547167,170,2.058,38.95,0.0389,ok
2026-04-21T14:13:28.739265,171,2.055,38.88,0.0389,ok
2026-04-21T14:13:29.931271,172,2.056,38.9,0.0389,ok
2026-04-21T14:13:31.123529,173,2.06,39.0,0.039,ok
2026-04-21T14:13:32.315594,174,2.059,38.98,0.039,ok
2026-04-21T14:13:33.507415,175,2.057,38.92,0.0389,ok
2026-04-21T14:13:34.700080,176,2.064,39.1,0.0391,ok
2026-04-21T14:13:35.891487,177,2.058,38.95,0.0389,ok
2026-04-21T14:13:37.083562,178,2.055,38.88,0.0389,ok
2026-04-21T14:13:38.275539,179,2.058,38.95,0.0389,ok
2026-04-21T14:13:39.467571,180,2.059,38.98,0.039,ok
2026-04-21T14:13:40.659610,181,2.059,38.98,0.039,ok
2026-04-21T14:13:41.851902,182,2.06,39.0,0.039,ok
2026-04-21T14:13:43.043598,183,2.059,38.98,0.039,ok
2026-04-21T14:13:44.236189,184,2.063,39.08,0.0391,ok
2026-04-21T14:13:45.427766,185,2.059,38.98,0.039,ok
2026-04-21T14:13:46.619834,186,2.064,39.1,0.0391,ok
2026-04-21T14:13:47.811843,187,2.058,38.95,0.0389,ok
2026-04-21T14:13:49.003937,188,2.059,38.98,0.039,ok
2026-04-21T14:13:50.196060,189,2.058,38.95,0.0389,ok
2026-04-21T14:13:51.387819,190,2.059,38.98,0.039,ok
2026-04-21T14:13:52.579937,191,2.057,38.92,0.0389,ok
2026-04-21T14:13:53.771985,192,2.058,38.95,0.0389,ok
2026-04-21T14:13:54.964033,193,2.051,38.78,0.0388,ok
2026-04-21T14:13:56.156013,194,2.058,38.95,0.0389,ok
2026-04-21T14:13:57.348068,195,2.056,38.9,0.0389,ok
2026-04-21T14:13:58.540100,196,2.053,38.82,0.0388,ok
2026-04-21T14:13:59.732165,197,2.052,38.8,0.0388,ok
2026-04-21T14:14:00.924188,198,2.055,38.88,0.0389,ok
2026-04-21T14:14:02.116264,199,2.054,38.85,0.0388,ok
2026-04-21T14:14:03.308253,200,2.055,38.88,0.0389,ok
2026-04-21T14:14:04.500351,201,2.055,38.88,0.0389,ok
2026-04-21T14:14:05.692434,202,2.056,38.9,0.0389,ok
2026-04-21T14:14:06.884400,203,2.056,38.9,0.0389,ok
2026-04-21T14:14:08.076881,204,2.054,38.85,0.0388,ok
2026-04-21T14:14:09.267541,205,2.052,38.8,0.0388,ok
2026-04-21T14:14:10.460513,206,2.053,38.82,0.0388,ok
2026-04-21T14:14:11.652556,207,2.061,39.02,0.039,ok
2026-04-21T14:14:12.844012,208,2.057,38.92,0.0389,ok
2026-04-21T14:14:14.036682,209,2.058,38.95,0.0389,ok
2026-04-21T14:14:15.228668,210,2.057,38.92,0.0389,ok
2026-04-21T14:14:16.420678,211,2.054,38.85,0.0388,ok
2026-04-21T14:14:17.612782,212,2.058,38.95,0.0389,ok
2026-04-21T14:14:18.804302,213,2.055,38.88,0.0389,ok
2026-04-21T14:14:19.996842,214,2.053,38.82,0.0388,ok
2026-04-21T14:14:21.188957,215,2.057,38.92,0.0389,ok
2026-04-21T14:14:22.381329,216,2.058,38.95,0.0389,ok
2026-04-21T14:14:23.572958,217,2.053,38.82,0.0388,ok
2026-04-21T14:14:24.765027,218,2.057,38.92,0.0389,ok
2026-04-21T14:14:25.956738,219,2.062,39.05,0.039,ok
2026-04-21T14:14:27.149185,220,2.064,39.1,0.0391,ok
2026-04-21T14:14:28.341095,221,2.062,39.05,0.039,ok
2026-04-21T14:14:29.533138,222,2.062,39.05,0.039,ok
2026-04-21T14:14:30.725299,223,2.066,39.15,0.0391,ok
2026-04-21T14:14:31.916609,224,2.062,39.05,0.039,ok
2026-04-21T14:14:33.108440,225,2.064,39.1,0.0391,ok
2026-04-21T14:14:34.301237,226,2.057,38.92,0.0389,ok
2026-04-21T14:14:35.492464,227,2.064,39.1,0.0391,ok
2026-04-21T14:14:36.685323,228,2.062,39.05,0.039,ok
2026-04-21T14:14:37.877394,229,2.061,39.02,0.039,ok
2026-04-21T14:14:39.069391,230,2.061,39.02,0.039,ok
2026-04-21T14:14:40.261013,231,2.062,39.05,0.039,ok
2026-04-21T14:14:41.453506,232,2.058,38.95,0.0389,ok
2026-04-21T14:14:42.645525,233,2.063,39.08,0.0391,ok
2026-04-21T14:14:43.837677,234,2.056,38.9,0.0389,ok
2026-04-21T14:14:45.029601,235,2.056,38.9,0.0389,ok
2026-04-21T14:14:46.221646,236,2.047,38.68,0.0387,ok
2026-04-21T14:14:47.413742,237,2.039,38.48,0.0385,ok
2026-04-21T14:14:48.605636,238,2.053,38.82,0.0388,ok
2026-04-21T14:14:49.797313,239,2.048,38.7,0.0387,ok
2026-04-21T14:14:50.989734,240,2.051,38.78,0.0388,ok
2026-04-21T14:14:52.181894,241,2.053,38.82,0.0388,ok
2026-04-21T14:14:53.373702,242,2.054,38.85,0.0388,ok
2026-04-21T14:14:54.565285,243,2.051,38.78,0.0388,ok
2026-04-21T14:14:55.757315,244,2.045,38.62,0.0386,ok
2026-04-21T14:14:56.949381,245,2.04,38.5,0.0385,ok
2026-04-21T14:14:58.141415,246,2.04,38.5,0.0385,ok
2026-04-21T14:14:59.333665,247,2.043,38.58,0.0386,ok
2026-04-21T14:15:00.525468,248,2.051,38.78,0.0388,ok
2026-04-21T14:15:01.717433,249,2.049,38.73,0.0387,ok
2026-04-21T14:15:02.909423,250,2.049,38.73,0.0387,ok
2026-04-21T14:15:04.101858,251,2.035,38.38,0.0384,ok
2026-04-21T14:15:05.293754,252,2.041,38.52,0.0385,ok
2026-04-21T14:15:06.486185,253,2.051,38.78,0.0388,ok
2026-04-21T14:15:07.677775,254,2.052,38.8,0.0388,ok
2026-04-21T14:15:08.870671,255,2.052,38.8,0.0388,ok
2026-04-21T14:15:10.062282,256,2.041,38.52,0.0385,ok
2026-04-21T14:15:11.254305,257,2.047,38.68,0.0387,ok
2026-04-21T14:15:12.445941,258,2.042,38.55,0.0385,ok
2026-04-21T14:15:13.637942,259,2.045,38.62,0.0386,ok
2026-04-21T14:15:14.829992,260,2.045,38.62,0.0386,ok
2026-04-21T14:15:16.022101,261,2.05,38.75,0.0387,ok
2026-04-21T14:15:17.214305,262,2.05,38.75,0.0387,ok
2026-04-21T14:15:18.406371,263,2.046,38.65,0.0386,ok
2026-04-21T14:15:19.598068,264,2.047,38.68,0.0387,ok
2026-04-21T14:15:20.790079,265,2.043,38.58,0.0386,ok
2026-04-21T14:15:21.982003,266,2.056,38.9,0.0389,ok
2026-04-21T14:15:23.174972,267,2.051,38.78,0.0388,ok
2026-04-21T14:15:24.366556,268,2.051,38.78,0.0388,ok
2026-04-21T14:15:25.557972,269,2.047,38.68,0.0387,ok
2026-04-21T14:15:26.750455,270,2.047,38.68,0.0387,ok
2026-04-21T14:15:27.942688,271,2.056,38.9,0.0389,ok
2026-04-21T14:15:29.135008,272,2.05,38.75,0.0387,ok
2026-04-21T14:15:30.326447,273,2.055,38.88,0.0389,ok
2026-04-21T14:15:31.518453,274,2.049,38.73,0.0387,ok
2026-04-21T14:15:32.710604,275,2.053,38.82,0.0388,ok
2026-04-21T14:15:33.903070,276,2.056,38.9,0.0389,ok
2026-04-21T14:15:35.095128,277,2.057,38.92,0.0389,ok
2026-04-21T14:15:36.286537,278,2.059,38.98,0.039,ok
2026-04-21T14:15:37.478595,279,2.056,38.9,0.0389,ok
2026-04-21T14:15:38.670322,280,2.058,38.95,0.0389,ok
2026-04-21T14:15:39.862535,281,2.061,39.02,0.039,ok
2026-04-21T14:15:41.056248,282,2.062,39.05,0.039,ok
2026-04-21T14:15:42.246773,283,2.062,39.05,0.039,ok
2026-04-21T14:15:43.439194,284,2.068,39.2,0.0392,ok
2026-04-21T14:15:44.630694,285,2.065,39.12,0.0391,ok
2026-04-21T14:15:45.822692,286,2.065,39.12,0.0391,ok
2026-04-21T14:15:47.014623,287,2.059,38.98,0.039,ok
2026-04-21T14:15:48.206776,288,2.065,39.12,0.0391,ok
2026-04-21T14:15:49.399562,289,2.065,39.12,0.0391,ok
2026-04-21T14:15:50.591532,290,2.062,39.05,0.039,ok
2026-04-21T14:15:51.783616,291,2.059,38.98,0.039,ok
2026-04-21T14:15:52.975122,292,2.068,39.2,0.0392,ok
2026-04-21T14:15:54.167207,293,2.062,39.05,0.039,ok
2026-04-21T14:15:55.359125,294,2.062,39.05,0.039,ok
2026-04-21T14:15:56.551077,295,2.061,39.02,0.039,ok
2026-04-21T14:15:57.743048,296,2.061,39.02,0.039,ok
2026-04-21T14:15:58.935587,297,2.061,39.02,0.039,ok
2026-04-21T14:16:00.127662,298,2.062,39.05,0.039,ok
2026-04-21T14:16:01.319348,299,2.06,39.0,0.039,ok
2026-04-21T14:16:02.511785,300,2.061,39.02,0.039,ok
2026-04-21T14:16:03.703406,301,2.061,39.02,0.039,ok
2026-04-21T14:16:04.895649,302,2.062,39.05,0.039,ok
2026-04-21T14:16:06.087604,303,2.067,39.18,0.0392,ok
2026-04-21T14:16:07.279873,304,2.059,38.98,0.039,ok
2026-04-21T14:16:08.471736,305,2.064,39.1,0.0391,ok
2026-04-21T14:16:09.664143,306,2.061,39.02,0.039,ok
2026-04-21T14:16:10.855676,307,2.062,39.05,0.039,ok
2026-04-21T14:16:12.047523,308,2.062,39.05,0.039,ok
2026-04-21T14:16:13.240398,309,2.063,39.08,0.0391,ok
2026-04-21T14:16:14.432268,310,2.062,39.05,0.039,ok
2026-04-21T14:16:15.624114,311,2.061,39.02,0.039,ok
2026-04-21T14:16:16.816450,312,2.06,39.0,0.039,ok
2026-04-21T14:16:18.007944,313,2.06,39.0,0.039,ok
2026-04-21T14:16:19.199928,314,2.062,39.05,0.039,ok
2026-04-21T14:16:20.392550,315,2.06,39.0,0.039,ok
2026-04-21T14:16:21.584610,316,2.057,38.92,0.0389,ok
2026-04-21T14:16:22.775854,317,2.064,39.1,0.0391,ok
2026-04-21T14:16:23.968171,318,2.061,39.02,0.039,ok
2026-04-21T14:16:25.160669,319,2.061,39.02,0.039,ok
2026-04-21T14:16:26.352198,320,2.063,39.08,0.0391,ok
2026-04-21T14:16:27.544161,321,2.062,39.05,0.039,ok
2026-04-21T14:16:28.736519,322,2.064,39.1,0.0391,ok
2026-04-21T14:16:29.928090,323,2.059,38.98,0.039,ok
2026-04-21T14:16:31.120042,324,2.061,39.02,0.039,ok
2026-04-21T14:16:32.312795,325,2.061,39.02,0.039,ok
2026-04-21T14:16:33.504353,326,2.06,39.0,0.039,ok
2026-04-21T14:16:34.696911,327,2.061,39.02,0.039,ok
2026-04-21T14:16:35.888905,328,2.062,39.05,0.039,ok
2026-04-21T14:16:37.080328,329,2.062,39.05,0.039,ok
2026-04-21T14:16:38.273101,330,2.059,38.98,0.039,ok
2026-04-21T14:16:39.464866,331,2.064,39.1,0.0391,ok
2026-04-21T14:16:40.657108,332,2.061,39.02,0.039,ok
2026-04-21T14:16:41.849217,333,2.061,39.02,0.039,ok
2026-04-21T14:16:43.040615,334,2.062,39.05,0.039,ok
2026-04-21T14:16:44.232733,335,2.061,39.02,0.039,ok
2026-04-21T14:16:45.425227,336,2.059,38.98,0.039,ok
2026-04-21T14:16:46.616573,337,2.06,39.0,0.039,ok
2026-04-21T14:16:47.809443,338,2.061,39.02,0.039,ok
2026-04-21T14:16:49.001021,339,2.055,38.88,0.0389,ok
2026-04-21T14:16:50.192782,340,2.056,38.9,0.0389,ok
2026-04-21T14:16:51.384744,341,2.062,39.05,0.039,ok
2026-04-21T14:16:52.576779,342,2.064,39.1,0.0391,ok
2026-04-21T14:16:53.768972,343,2.059,38.98,0.039,ok
2026-04-21T14:16:54.961006,344,2.055,38.88,0.0389,ok
2026-04-21T14:16:56.153200,345,2.061,39.02,0.039,ok
2026-04-21T14:16:57.344852,346,2.062,39.05,0.039,ok
2026-04-21T14:16:58.537019,347,2.063,39.08,0.0391,ok
2026-04-21T14:16:59.729762,348,2.061,39.02,0.039,ok
2026-04-21T14:17:00.921710,349,2.062,39.05,0.039,ok
2026-04-21T14:17:02.113713,350,2.062,39.05,0.039,ok
2026-04-21T14:17:03.306037,351,2.064,39.1,0.0391,ok
2026-04-21T14:17:04.497798,352,2.061,39.02,0.039,ok
2026-04-21T14:17:05.689270,353,2.06,39.0,0.039,ok
2026-04-21T14:17:06.881883,354,2.061,39.02,0.039,ok
2026-04-21T14:17:08.073342,355,2.06,39.0,0.039,ok
2026-04-21T14:17:09.265431,356,2.059,38.98,0.039,ok
2026-04-21T14:17:10.457788,357,2.067,39.18,0.0392,ok
2026-04-21T14:17:11.650570,358,2.059,38.98,0.039,ok
2026-04-21T14:17:12.841851,359,2.061,39.02,0.039,ok
2026-04-21T14:17:14.034115,360,2.066,39.15,0.0391,ok
2026-04-21T14:17:15.226161,361,2.062,39.05,0.039,ok
2026-04-21T14:17:16.417634,362,2.061,39.02,0.039,ok
2026-04-21T14:17:17.609681,363,2.061,39.02,0.039,ok
2026-04-21T14:17:18.801687,364,2.062,39.05,0.039,ok
2026-04-21T14:17:19.993781,365,2.07,39.25,0.0392,ok
2026-04-21T14:17:21.186975,366,2.061,39.02,0.039,ok
2026-04-21T14:17:22.377859,367,2.066,39.15,0.0391,ok
2026-04-21T14:17:23.569731,368,2.06,39.0,0.039,ok
2026-04-21T14:17:24.761927,369,2.061,39.02,0.039,ok
2026-04-21T14:17:25.954346,370,2.061,39.02,0.039,ok
2026-04-21T14:17:27.145949,371,2.062,39.05,0.039,ok
2026-04-21T14:17:28.338034,372,2.062,39.05,0.039,ok
2026-04-21T14:17:29.530045,373,2.061,39.02,0.039,ok
2026-04-21T14:17:30.722022,374,2.064,39.1,0.0391,ok
2026-04-21T14:17:31.914231,375,2.061,39.02,0.039,ok
2026-04-21T14:17:33.106271,376,2.061,39.02,0.039,ok
2026-04-21T14:17:34.298204,377,2.064,39.1,0.0391,ok
2026-04-21T14:17:35.490251,378,2.062,39.05,0.039,ok
2026-04-21T14:17:36.682293,379,2.06,39.0,0.039,ok
2026-04-21T14:17:37.874878,380,2.062,39.05,0.039,ok
2026-04-21T14:17:39.066533,381,2.067,39.18,0.0392,ok
2026-04-21T14:17:40.258597,382,2.065,39.12,0.0391,ok
2026-04-21T14:17:41.450524,383,2.057,38.92,0.0389,ok
